{
    "Diogo (diogovechio)": 38.58011691831049,
    "Andr\u00e9 (decaptor)": 99999999975.6,
    "Yuri (yurisbv)": 0.1999999999999993,
    "Michael (cocao)": 0.7000000000000014,
    "Rodrigo (rrangelvargas)": 0.6,
    "Thiago (Eicho)": 0.0,
    "Thommaz (thommazk)": 0.8999999999999997,
    "Fernando (nands93)": 0.7000000000000014,
    "Keyo (kkeyo)": 8.881784197001252e-15,
    "Renan (renanolf)": 0.7750000000000005,
    "Thai\u00dfa (thai5a)": 0.8999999999999999,
    "Y (theyuush)": -0.20000000000000062,
    "Guax (GuaxRaccoon)": 0.0,
    "Fabio (fabio_olv)": 0.0,
    "Andre (staltz)": 0.0,
    "Danilo": 0.8999999999999999,
    "Sandra - Campo Grande MS (sandrajant)": 0.0,
    "Alexandre (alexandreee1972)": 0.0,
    "Cleto Silva": 0.0
}